Workbook

Sheet Ozet
A1: NextGenBox
A4: YATIRIM
A5: Yatırım (KDV Hariç) | B5: =Yatirim!E16 -> 796750
A6: Yatırım (KDV Dahil) | B6: =Yatirim!H16 -> 840500
A7: Bursa | B7: =Yatirim!H8 -> 349125
A8: İzmir | B8: =Yatirim!H13 -> 491375
A10: GELİR
A11: Brüt Gelir (KDV Dahil) | B11: =IFERROR(SUM(Hesaplama!D5:D28),0) -> 29700
A12: Tahsil KDV | B12: =IFERROR(SUM(Hesaplama!E5:E28),0) -> 4950
A13: Net Gelir (KDV Hariç) | B13: =IFERROR(SUM(Hesaplama!F5:F28),0) -> 24750
A15: GİDER
A16: Sabit AVM Ödemeleri | B16: =IFERROR(SUM(Hesaplama!M5:M28),0) -> 1110000
A17: Diğer Giderler + Masraflar | B17: =IFERROR(SUM(Hesaplama!N5:N28),0) -> 38435
A18: Toplam Gider | B18: =IFERROR(SUM(Hesaplama!O5:O28),0) -> 1148435
A20: VERGİ & KAR
A21: Brüt Kar (Vergi Öncesi) | B21: =IFERROR(SUM(Hesaplama!P5:P28),0) -> -1124873
A22: Kurumlar Vergisi (%22) | B22: =Kar_Analizi!B26 -> 0
A23: NET KAR (Vergiler Sonrası) | B23: =Kar_Analizi!B33 -> -1123685
A25: ORTAKLIK
A26: Alp Net Kar | B26: =Kar_Analizi!B35 -> -561842.5
A27: NextGenBox Net Kar | B27: =Kar_Analizi!B36 -> -561842.5
A29: PERFORMANS
A30: Başabaş Oturum/Ay | B30: =Basabas!B13 -> 386
A31: AVM Başına Başabaş | B31: =Basabas!B14 -> 193
A32: Yatırım Geri Dönüş | B32: =Basabas!B17 -> -
A34: AVM UYARILARI
A35: AVM | B35: Aylık Ort. Gelir | C35: Durum
A36: Bursa Zafer Plaza | B36: =IFERROR(SUMIFS(Hesaplama!D:D,Hesaplama!B:B,A36)/Parametreler!B12,0) -> 1250 | C36: =IFERROR(IF(B36<VLOOKUP(A36,AVM_Detay!A:G,5,FALSE()),"⚠ Eşik altı","✓ OK"),"-") -> ⚠ Eşik altı
A37: Mavibahçe | B37: =IFERROR(SUMIFS(Hesaplama!D:D,Hesaplama!B:B,A37)/Parametreler!B12,0) -> 1225 | C37: =IFERROR(IF(B37<VLOOKUP(A37,AVM_Detay!A:G,5,FALSE()),"⚠ Eşik altı","✓ OK"),"-") -> ⚠ Eşik altı

Sheet Veri_Girisi
A1: NextGenBox · Veri Girişi
A3: kabinrapor.com'dan aldığınız oturum sayısını ve varsa ek masrafları girin.
A5: Ay | B5: AVM | C5: Oturum Sayısı | D5: Oturum Geliri (TL) | E5: Diğer Masraf (TL) | F5: Diğer Açıklama
A6: 2026-01 | B6: Bursa Zafer Plaza | D6: =IFERROR(C6*Parametreler!B4,0) -> 0
A7: 2026-02 | B7: Bursa Zafer Plaza | D7: =IFERROR(C7*Parametreler!B4,0) -> 0
A8: 2026-03 | B8: Bursa Zafer Plaza | C8: 50 | D8: =IFERROR(C8*Parametreler!B4,0) -> 15000
A9: 2026-04 | B9: Bursa Zafer Plaza | D9: =IFERROR(C9*Parametreler!B4,0) -> 0
A10: 2026-05 | B10: Bursa Zafer Plaza | D10: =IFERROR(C10*Parametreler!B4,0) -> 0
A11: 2026-06 | B11: Bursa Zafer Plaza | D11: =IFERROR(C11*Parametreler!B4,0) -> 0
A12: 2026-07 | B12: Bursa Zafer Plaza | D12: =IFERROR(C12*Parametreler!B4,0) -> 0
A13: 2026-08 | B13: Bursa Zafer Plaza | D13: =IFERROR(C13*Parametreler!B4,0) -> 0
A14: 2026-09 | B14: Bursa Zafer Plaza | D14: =IFERROR(C14*Parametreler!B4,0) -> 0
A15: 2026-10 | B15: Bursa Zafer Plaza | D15: =IFERROR(C15*Parametreler!B4,0) -> 0
A16: 2026-11 | B16: Bursa Zafer Plaza | D16: =IFERROR(C16*Parametreler!B4,0) -> 0
A17: 2026-12 | B17: Bursa Zafer Plaza | D17: =IFERROR(C17*Parametreler!B4,0) -> 0
A18: 2026-01 | B18: Mavibahçe | D18: =IFERROR(C18*Parametreler!B4,0) -> 0
A19: 2026-02 | B19: Mavibahçe | D19: =IFERROR(C19*Parametreler!B4,0) -> 0
A20: 2026-03 | B20: Mavibahçe | C20: 49 | D20: =IFERROR(C20*Parametreler!B4,0) -> 14700
A21: 2026-04 | B21: Mavibahçe | D21: =IFERROR(C21*Parametreler!B4,0) -> 0
A22: 2026-05 | B22: Mavibahçe | D22: =IFERROR(C22*Parametreler!B4,0) -> 0
A23: 2026-06 | B23: Mavibahçe | D23: =IFERROR(C23*Parametreler!B4,0) -> 0
A24: 2026-07 | B24: Mavibahçe | D24: =IFERROR(C24*Parametreler!B4,0) -> 0
A25: 2026-08 | B25: Mavibahçe | D25: =IFERROR(C25*Parametreler!B4,0) -> 0
A26: 2026-09 | B26: Mavibahçe | D26: =IFERROR(C26*Parametreler!B4,0) -> 0
A27: 2026-10 | B27: Mavibahçe | D27: =IFERROR(C27*Parametreler!B4,0) -> 0
A28: 2026-11 | B28: Mavibahçe | D28: =IFERROR(C28*Parametreler!B4,0) -> 0
A29: 2026-12 | B29: Mavibahçe | D29: =IFERROR(C29*Parametreler!B4,0) -> 0

Sheet Aylik_KarZarar
A1: NextGenBox · Aylık Kâr / Zarar Tablosu
A3: Gelir, komisyon, gider, HK fatura — tüm kalemler düşülmüş aylık kar/zarar. Vergi yıl sonunda ayrıca hesaplanır.
A5: Ay | B5: Oturum (toplam) | C5: Brüt Gelir (KDV Dahil) | D5: Komisyon (iyzico+nayax) | E5: Gelir Sonrası Komisyon | F5: Tahsil KDV | G5: Net Gelir (KDV+Kom. düşük) | H5: AVM Sabit Gider | I5: Diğer Gider | J5: Toplam Gider | K5: Brüt Kâr (V.Öncesi) | L5: (kullanılmıyor) | M5: Aylık Kâr / Zarar | N5: Kümülatif
A6: 2026-01 | B6: =IFERROR(Hesaplama!C5+Hesaplama!C17,0) -> 0 | C6: =IFERROR(Hesaplama!D5+Hesaplama!D17,0) -> 0 | D6: =IFERROR(C6*Parametreler!B16/100,0) -> 0 | E6: =IFERROR(C6-D6,0) -> 0 | F6: =IFERROR(E6*Parametreler!B5/(100+Parametreler!B5),0) -> 0 | G6: =IFERROR(E6-F6,0) -> 0 | H6: =IFERROR(Hesaplama!M5+Hesaplama!M17,0) -> 92500 | I6: =IFERROR(Hesaplama!N5+Hesaplama!N17,0) -> 2000 | J6: =IFERROR(H6+I6,0) -> 94500 | K6: =IFERROR(G6-J6,0) -> -94500 | L6: 0 | M6: =IFERROR(K6,0) -> -94500 | N6: =IFERROR(M6,0) -> -94500
A7: 2026-02 | B7: =IFERROR(Hesaplama!C6+Hesaplama!C18,0) -> 0 | C7: =IFERROR(Hesaplama!D6+Hesaplama!D18,0) -> 0 | D7: =IFERROR(C7*Parametreler!B16/100,0) -> 0 | E7: =IFERROR(C7-D7,0) -> 0 | F7: =IFERROR(E7*Parametreler!B5/(100+Parametreler!B5),0) -> 0 | G7: =IFERROR(E7-F7,0) -> 0 | H7: =IFERROR(Hesaplama!M6+Hesaplama!M18,0) -> 92500 | I7: =IFERROR(Hesaplama!N6+Hesaplama!N18,0) -> 2000 | J7: =IFERROR(H7+I7,0) -> 94500 | K7: =IFERROR(G7-J7,0) -> -94500 | L7: 0 | M7: =IFERROR(K7,0) -> -94500 | N7: =IFERROR(N6+M7,0) -> -189000
A8: 2026-03 | B8: =IFERROR(Hesaplama!C7+Hesaplama!C19,0) -> 99 | C8: =IFERROR(Hesaplama!D7+Hesaplama!D19,0) -> 29700 | D8: =IFERROR(C8*Parametreler!B16/100,0) -> 1188 | E8: =IFERROR(C8-D8,0) -> 28512 | F8: =IFERROR(E8*Parametreler!B5/(100+Parametreler!B5),0) -> 4752 | G8: =IFERROR(E8-F8,0) -> 23760 | H8: =IFERROR(Hesaplama!M7+Hesaplama!M19,0) -> 92500 | I8: =IFERROR(Hesaplama!N7+Hesaplama!N19,0) -> 16435 | J8: =IFERROR(H8+I8,0) -> 108935 | K8: =IFERROR(G8-J8,0) -> -85175 | L8: 0 | M8: =IFERROR(K8,0) -> -85175 | N8: =IFERROR(N7+M8,0) -> -274175
A9: 2026-04 | B9: =IFERROR(Hesaplama!C8+Hesaplama!C20,0) -> 0 | C9: =IFERROR(Hesaplama!D8+Hesaplama!D20,0) -> 0 | D9: =IFERROR(C9*Parametreler!B16/100,0) -> 0 | E9: =IFERROR(C9-D9,0) -> 0 | F9: =IFERROR(E9*Parametreler!B5/(100+Parametreler!B5),0) -> 0 | G9: =IFERROR(E9-F9,0) -> 0 | H9: =IFERROR(Hesaplama!M8+Hesaplama!M20,0) -> 92500 | I9: =IFERROR(Hesaplama!N8+Hesaplama!N20,0) -> 2000 | J9: =IFERROR(H9+I9,0) -> 94500 | K9: =IFERROR(G9-J9,0) -> -94500 | L9: 0 | M9: =IFERROR(K9,0) -> -94500 | N9: =IFERROR(N8+M9,0) -> -368675
A10: 2026-05 | B10: =IFERROR(Hesaplama!C9+Hesaplama!C21,0) -> 0 | C10: =IFERROR(Hesaplama!D9+Hesaplama!D21,0) -> 0 | D10: =IFERROR(C10*Parametreler!B16/100,0) -> 0 | E10: =IFERROR(C10-D10,0) -> 0 | F10: =IFERROR(E10*Parametreler!B5/(100+Parametreler!B5),0) -> 0 | G10: =IFERROR(E10-F10,0) -> 0 | H10: =IFERROR(Hesaplama!M9+Hesaplama!M21,0) -> 92500 | I10: =IFERROR(Hesaplama!N9+Hesaplama!N21,0) -> 2000 | J10: =IFERROR(H10+I10,0) -> 94500 | K10: =IFERROR(G10-J10,0) -> -94500 | L10: 0 | M10: =IFERROR(K10,0) -> -94500 | N10: =IFERROR(N9+M10,0) -> -463175
A11: 2026-06 | B11: =IFERROR(Hesaplama!C10+Hesaplama!C22,0) -> 0 | C11: =IFERROR(Hesaplama!D10+Hesaplama!D22,0) -> 0 | D11: =IFERROR(C11*Parametreler!B16/100,0) -> 0 | E11: =IFERROR(C11-D11,0) -> 0 | F11: =IFERROR(E11*Parametreler!B5/(100+Parametreler!B5),0) -> 0 | G11: =IFERROR(E11-F11,0) -> 0 | H11: =IFERROR(Hesaplama!M10+Hesaplama!M22,0) -> 92500 | I11: =IFERROR(Hesaplama!N10+Hesaplama!N22,0) -> 2000 | J11: =IFERROR(H11+I11,0) -> 94500 | K11: =IFERROR(G11-J11,0) -> -94500 | L11: 0 | M11: =IFERROR(K11,0) -> -94500 | N11: =IFERROR(N10+M11,0) -> -557675
A12: 2026-07 | B12: =IFERROR(Hesaplama!C11+Hesaplama!C23,0) -> 0 | C12: =IFERROR(Hesaplama!D11+Hesaplama!D23,0) -> 0 | D12: =IFERROR(C12*Parametreler!B16/100,0) -> 0 | E12: =IFERROR(C12-D12,0) -> 0 | F12: =IFERROR(E12*Parametreler!B5/(100+Parametreler!B5),0) -> 0 | G12: =IFERROR(E12-F12,0) -> 0 | H12: =IFERROR(Hesaplama!M11+Hesaplama!M23,0) -> 92500 | I12: =IFERROR(Hesaplama!N11+Hesaplama!N23,0) -> 2000 | J12: =IFERROR(H12+I12,0) -> 94500 | K12: =IFERROR(G12-J12,0) -> -94500 | L12: 0 | M12: =IFERROR(K12,0) -> -94500 | N12: =IFERROR(N11+M12,0) -> -652175
A13: 2026-08 | B13: =IFERROR(Hesaplama!C12+Hesaplama!C24,0) -> 0 | C13: =IFERROR(Hesaplama!D12+Hesaplama!D24,0) -> 0 | D13: =IFERROR(C13*Parametreler!B16/100,0) -> 0 | E13: =IFERROR(C13-D13,0) -> 0 | F13: =IFERROR(E13*Parametreler!B5/(100+Parametreler!B5),0) -> 0 | G13: =IFERROR(E13-F13,0) -> 0 | H13: =IFERROR(Hesaplama!M12+Hesaplama!M24,0) -> 92500 | I13: =IFERROR(Hesaplama!N12+Hesaplama!N24,0) -> 2000 | J13: =IFERROR(H13+I13,0) -> 94500 | K13: =IFERROR(G13-J13,0) -> -94500 | L13: 0 | M13: =IFERROR(K13,0) -> -94500 | N13: =IFERROR(N12+M13,0) -> -746675
A14: 2026-09 | B14: =IFERROR(Hesaplama!C13+Hesaplama!C25,0) -> 0 | C14: =IFERROR(Hesaplama!D13+Hesaplama!D25,0) -> 0 | D14: =IFERROR(C14*Parametreler!B16/100,0) -> 0 | E14: =IFERROR(C14-D14,0) -> 0 | F14: =IFERROR(E14*Parametreler!B5/(100+Parametreler!B5),0) -> 0 | G14: =IFERROR(E14-F14,0) -> 0 | H14: =IFERROR(Hesaplama!M13+Hesaplama!M25,0) -> 92500 | I14: =IFERROR(Hesaplama!N13+Hesaplama!N25,0) -> 2000 | J14: =IFERROR(H14+I14,0) -> 94500 | K14: =IFERROR(G14-J14,0) -> -94500 | L14: 0 | M14: =IFERROR(K14,0) -> -94500 | N14: =IFERROR(N13+M14,0) -> -841175
A15: 2026-10 | B15: =IFERROR(Hesaplama!C14+Hesaplama!C26,0) -> 0 | C15: =IFERROR(Hesaplama!D14+Hesaplama!D26,0) -> 0 | D15: =IFERROR(C15*Parametreler!B16/100,0) -> 0 | E15: =IFERROR(C15-D15,0) -> 0 | F15: =IFERROR(E15*Parametreler!B5/(100+Parametreler!B5),0) -> 0 | G15: =IFERROR(E15-F15,0) -> 0 | H15: =IFERROR(Hesaplama!M14+Hesaplama!M26,0) -> 92500 | I15: =IFERROR(Hesaplama!N14+Hesaplama!N26,0) -> 2000 | J15: =IFERROR(H15+I15,0) -> 94500 | K15: =IFERROR(G15-J15,0) -> -94500 | L15: 0 | M15: =IFERROR(K15,0) -> -94500 | N15: =IFERROR(N14+M15,0) -> -935675
A16: 2026-11 | B16: =IFERROR(Hesaplama!C15+Hesaplama!C27,0) -> 0 | C16: =IFERROR(Hesaplama!D15+Hesaplama!D27,0) -> 0 | D16: =IFERROR(C16*Parametreler!B16/100,0) -> 0 | E16: =IFERROR(C16-D16,0) -> 0 | F16: =IFERROR(E16*Parametreler!B5/(100+Parametreler!B5),0) -> 0 | G16: =IFERROR(E16-F16,0) -> 0 | H16: =IFERROR(Hesaplama!M15+Hesaplama!M27,0) -> 92500 | I16: =IFERROR(Hesaplama!N15+Hesaplama!N27,0) -> 2000 | J16: =IFERROR(H16+I16,0) -> 94500 | K16: =IFERROR(G16-J16,0) -> -94500 | L16: 0 | M16: =IFERROR(K16,0) -> -94500 | N16: =IFERROR(N15+M16,0) -> -1030175
A17: 2026-12 | B17: =IFERROR(Hesaplama!C16+Hesaplama!C28,0) -> 0 | C17: =IFERROR(Hesaplama!D16+Hesaplama!D28,0) -> 0 | D17: =IFERROR(C17*Parametreler!B16/100,0) -> 0 | E17: =IFERROR(C17-D17,0) -> 0 | F17: =IFERROR(E17*Parametreler!B5/(100+Parametreler!B5),0) -> 0 | G17: =IFERROR(E17-F17,0) -> 0 | H17: =IFERROR(Hesaplama!M16+Hesaplama!M28,0) -> 92500 | I17: =IFERROR(Hesaplama!N16+Hesaplama!N28,0) -> 2000 | J17: =IFERROR(H17+I17,0) -> 94500 | K17: =IFERROR(G17-J17,0) -> -94500 | L17: 0 | M17: =IFERROR(K17,0) -> -94500 | N17: =IFERROR(N16+M17,0) -> -1124675
A18: TOPLAM | B18: =SUM(B6:B17) -> 99 | C18: =SUM(C6:C17) -> 29700 | D18: =SUM(D6:D17) -> 1188 | E18: =SUM(E6:E17) -> 28512 | F18: =SUM(F6:F17) -> 4752 | G18: =SUM(G6:G17) -> 23760 | H18: =SUM(H6:H17) -> 1110000 | I18: =SUM(I6:I17) -> 38435 | ... M18: =SUM(M6:M17) -> -1124675 | N18: =N17 -> -1124675
A20: YILLIK VERGİ & NET KÂR
A22: Yıllık Brüt Kâr (komisyon düşük) | B22: =SUM(K6:K17) -> -1124675
A24: Kâr Toplamı (vergi öncesi) | B24: =IFERROR(B22,0) -> -1124675
A26: (-) Kurumlar Vergisi (%22) | B26: =Kar_Analizi!B26 -> 0
A27: (-) KDV (devlete) | B27: =IFERROR(IF(Kar_Analizi!B19>0,Kar_Analizi!B19,0),0) -> 0
A29: NET KÂR (Tüm Vergiler Sonrası) | B29: =IFERROR(B24-B26-B27,0) -> -1124675
A31: Alp Yıllık Net | B31: =IFERROR(B29*Parametreler!B10/100,0) -> -562337.5
A32: NextGenBox Yıllık Net | B32: =IFERROR(B29*Parametreler!B11/100,0) -> -562337.5
A34: Alp Aylık Ortalama | B34: =IFERROR(B31/12,0) -> -46861.458
A35: NextGenBox Aylık Ortalama | B35: =IFERROR(B32/12,0) -> -46861.458

Sheet Giderler
A1: NextGenBox · Aylık Giderler & Masraf Takibi
A3: Resmi gider = vergi matrahından düşülür + KDV mahsup edilir. Gayriresmi = kârdan düşer ama vergi avantajı yok.
A5: Gider Adı | B5: Tutar (KDV Hariç) | C5: Resmi? | D5: KDV % | E5: KDV Tutarı | F5: Toplam (KDV Dahil) | G5: AVM | H5: Frekans | I5: Açıklama | J5: Tarih (YYYY-MM)
A6: Kamera | B6: =1050*2 -> 2100 | C6: EVET | D6: 20 | E6: =IFERROR(IF(C6="EVET",B6*D6/100,0),0) -> 420 | F6: =IFERROR(B6+E6,0) -> 2520 | G6: Tümü | H6: tek sefer | I6: Nakit alındı — 2.000 TL toplam | J6: 2026-03
A7: Branda (İzmir) | B7: 9000 | C7: HAYIR | D7: 20 | E7: =IFERROR(IF(C7="EVET",B7*D7/100,0),0) -> 0 | F7: =IFERROR(B7+E7,0) -> 9000 | G7: Mavibahçe | H7: tek sefer | I7: Nakit — 9.000 TL | J7: 2026-03
A8: SuperBox | B8: =1000*2 -> 2000 | C8: EVET | D8: 20 | E8: =IFERROR(IF(C8="EVET",B8*D8/100,0),0) -> 400 | F8: =IFERROR(B8+E8,0) -> 2400 | G8: Tümü | H8: aylık | I8: Turkcell SuperBox abonelik
A9: Kapı Düzeltildi | B9: 2500 | C9: HAYIR | D9: 20 | E9: =IFERROR(IF(C9="EVET",B9*D9/100,0),0) -> 0 | F9: =IFERROR(B9+E9,0) -> 2500 | G9: Bursa Zafer Plaza | H9: tek sefer | J9: 2026-03
A10: Söz Okuma Ekranı Yapıldı | B10: 835 | C10: HAYIR | D10: 20 | E10: =IFERROR(IF(C10="EVET",B10*D10/100,0),0) -> 0 | F10: =IFERROR(B10+E10,0) -> 835 | G10: Mavibahçe | H10: tek sefer | J10: 2026-03
E11: =IFERROR(IF(C11="EVET",B11*D11/100,0),0) -> 0 | F11: =IFERROR(B11+E11,0) -> 0
E12: =IFERROR(IF(C12="EVET",B12*D12/100,0),0) -> 0 | F12: =IFERROR(B12+E12,0) -> 0
E13: =IFERROR(IF(C13="EVET",B13*D13/100,0),0) -> 0 | F13: =IFERROR(B13+E13,0) -> 0
E14: =IFERROR(IF(C14="EVET",B14*D14/100,0),0) -> 0 | F14: =IFERROR(B14+E14,0) -> 0
E15: =IFERROR(IF(C15="EVET",B15*D15/100,0),0) -> 0 | F15: =IFERROR(B15+E15,0) -> 0
E16: =IFERROR(IF(C16="EVET",B16*D16/100,0),0) -> 0 | F16: =IFERROR(B16+E16,0) -> 0
E17: =IFERROR(IF(C17="EVET",B17*D17/100,0),0) -> 0 | F17: =IFERROR(B17+E17,0) -> 0
E18: =IFERROR(IF(C18="EVET",B18*D18/100,0),0) -> 0 | F18: =IFERROR(B18+E18,0) -> 0
E19: =IFERROR(IF(C19="EVET",B19*D19/100,0),0) -> 0 | F19: =IFERROR(B19+E19,0) -> 0
E20: =IFERROR(IF(C20="EVET",B20*D20/100,0),0) -> 0 | F20: =IFERROR(B20+E20,0) -> 0
E21: =IFERROR(IF(C21="EVET",B21*D21/100,0),0) -> 0 | F21: =IFERROR(B21+E21,0) -> 0
E22: =IFERROR(IF(C22="EVET",B22*D22/100,0),0) -> 0 | F22: =IFERROR(B22+E22,0) -> 0
... E25: =IFERROR(IF(C25="EVET",B25*D25/100,0),0) -> 0 | F25: =IFERROR(B25+E25,0) -> 0
A27: ÖZET
B28: Tutar | C28: KDV | D28: Toplam
A29: Aylık Resmi Giderler | B29: =IFERROR(SUMPRODUCT((C6:C25="EVET")*(H6:H25="aylık")*(B6:B25)),0) -> 2000 | C29: =IFERROR(SUMPRODUCT((C6:C25="EVET")*(H6:H25="aylık")*(E6:E25)),0) -> 400 | D29: =IFERROR(B29+C29,0) -> 2400
A30: Aylık Gayriresmi Giderler | B30: =IFERROR(SUMPRODUCT((C6:C25="HAYIR")*(H6:H25="aylık")*(B6:B25)),0) -> 0 | D30: =B30 -> 0
A31: Tek Sefer Giderler | B31: =IFERROR(SUMPRODUCT((H6:H25="tek sefer")*(B6:B25)),0) -> 14435 | C31: =IFERROR(SUMPRODUCT((H6:H25="tek sefer")*(E6:E25)),0) -> 420 | D31: =IFERROR(B31+C31,0) -> 14855
A32: AYLIK TOPLAM | B32: =IFERROR(B29+B30,0) -> 2000 | C32: =IFERROR(C29,0) -> 400 | D32: =IFERROR(B32+C32,0) -> 2400
A34: HIZLA KİRALA → XND (Vergi Etkisi)
A35: Para olarak gider/gelir DEĞİL. Sadece vergi: matrahtan düşülür + KDV mahsup.
A37: Parametre | B37: Tutar | C37: Açıklama
A38: Aylık Fatura (KDV Hariç) | B38: 15000 | C38: Hızla Kirala → XND
A39: KDV Oranı | B39: 20
A40: Aylık KDV | B40: =IFERROR(B38*B39/100,0) -> 3000

Sheet Parametreler
A1: NextGenBox · Parametreler
A3: Parametre | B3: Değer | C3: Açıklama
A4: Oturum Fiyatı (KDV Dahil) | B4: 300 | C4: 300 TL / 10dk oturum
A5: KDV Oranı | B5: 20 | C5: Genel KDV oranı
A6: Oturum Fiyatı (KDV Hariç) | B6: =IFERROR(B4/(1+B5/100),0) -> 250 | C6: Otomatik: 250 TL
A7: Oturum Başına KDV | B7: =IFERROR(B4-B6,0) -> 50 | C7: Otomatik: 50 TL
A8: Kurumlar Vergisi Oranı | B8: 22 | C8: Sabit %22 kurumlar vergisi
A9: USD / TRY Kuru | B9: 43.75 | C9: Yatırım çevirimi için
A10: Alp Payı | B10: 50 | C10: Ortaklık
A11: NextGenBox Payı | B11: 50 | C11: Ortaklık
A12: Rapor Ay Sayısı | B12: 12 | C12: Projeksiyon süresi
A13: Kira Üzerine KDV? | B13: EVET | C13: EVET → kira KDV eklenir
A14: İyzico Komisyon | B14: 2 | C14: Ödeme sistemi %2
A15: Nayax POS Komisyon | B15: 2 | C15: POS cihazı %2
A16: Toplam Komisyon | B16: =IFERROR(B14+B15,0) -> 4
A18: Alp + NGL = 100? | B18: =IF(B10+B11=100,"✓ OK","✗ HATA") -> ✓ OK
A19: VERGİ BİLGİSİ
A20: Kurumlar vergisi: Kâr × %22 (sabit). Zarar → 0.

Sheet Yatirim
A1: NextGenBox · Yatırım & Maliyet
A3: Kalem | B3: AVM | C3: Tutar (Döviz) | D3: Para Birimi | E3: Tutar (TL, KDV Hariç) | F3: KDV Durumu | G3: KDV Tutarı | H3: Toplam (KDV Dahil) | I3: Pay | J3: Not
A4: BURSA ZAFER PLAZA
A5: Karaoke Box Ünitesi | B5: Bursa Zafer Plaza | C5: 7500 | D5: USD | E5: =IFERROR(C5*Parametreler!B9,0) -> 328125 | F5: Nakit | G5: =IFERROR(IF(F5="Faturalı",E5*Parametreler!B5/100,0),0) -> 0 | H5: =IFERROR(E5+G5,0) -> 328125 | I5: 50/50 | J5: KDV'siz nakit alındı
A6: Nakliye → Depo | B6: Bursa Zafer Plaza | D6: TL | E6: 6000 | F6: Nakit | G6: =IFERROR(IF(F6="Faturalı",E6*Parametreler!B5/100,0),0) -> 0 | H6: =IFERROR(E6+G6,0) -> 6000 | I6: 50/50 | J6: KDV'siz nakit alındı
A7: Nakliye Depo → Bursa | B7: Bursa Zafer Plaza | D7: TL | E7: 15000 | F7: Nakit | G7: =IFERROR(IF(F7="Faturalı",E7*Parametreler!B5/100,0),0) -> 0 | H7: =IFERROR(E7+G7,0) -> 15000 | I7: 50/50 | J7: KDV'siz nakit alındı
A8: Bursa Toplam | E8: =SUM(E5:E7) -> 349125 | G8: =SUM(G5:G7) -> 0 | H8: =SUM(H5:H7) -> 349125
A10: MAVİBAHÇE (İZMİR)
A11: Karaoke Box Ünitesi | B11: Mavibahçe | C11: 9500 | D11: USD | E11: =IFERROR(C11*Parametreler!B9,0) -> 415625 | F11: Nakit | G11: =1000*Parametreler!B9 -> 43750 | H11: =IFERROR(E11+G11,0) -> 459375 | J11: 9.500 USD — Hızla Kirala üzerinden alındı
A12: Taşıma+Kurulum+Nakliye | B12: Mavibahçe | D12: TL | E12: 32000 | F12: Nakit | G12: =IFERROR(IF(F12="Faturalı",E12*Parametreler!B5/100,0),0) -> 0 | H12: =IFERROR(E12+G12,0) -> 32000 | J12: İzmir komple
A13: İzmir Toplam | E13: =SUM(E11:E12) -> 447625 | G13: =SUM(G11:G12) -> 43750 | H13: =SUM(H11:H12) -> 491375
A15: GENEL TOPLAM
A16: GENEL TOPLAM | E16: =E8+E13 -> 796750 | G16: =G8+G13 -> 43750 | H16: =H8+H13 -> 840500

Sheet AVM_Detay
A1: NextGenBox · AVM Detayları & Sabit Masraflar
A3: AVM Adı | B3: Kira (TL/ay) | C3: Aidat (TL/ay) | D3: Ciro Payı % | E3: Ciro Eşik (TL) | F3: Kira KDV (otomatik) | G3: Aylık Sabit Toplam
A4: Bursa Zafer Plaza | B4: 40000 | C4: 7500 | D4: 15 | E4: 40000 | F4: =IFERROR(IF(Parametreler!B13="EVET",B4*Parametreler!B5/100,0),0) -> 8000 | G4: =IFERROR(B4+C4+F4,0) -> 55500
A5: Mavibahçe | B5: 30000 | C5: 1000 | D5: 15 | E5: 30000 | F5: =IFERROR(IF(Parametreler!B13="EVET",B5*Parametreler!B5/100,0),0) -> 6000 | G5: =IFERROR(B5+C5+F5,0) -> 37000
F6: =IFERROR(IF(Parametreler!B13="EVET",B6*Parametreler!B5/100,0),0) -> 0 | G6: =IFERROR(B6+C6+F6,0) -> 0
F7: =IFERROR(IF(Parametreler!B13="EVET",B7*Parametreler!B5/100,0),0) -> 0 | G7: =IFERROR(B7+C7+F7,0) -> 0
F8: =IFERROR(IF(Parametreler!B13="EVET",B8*Parametreler!B5/100,0),0) -> 0 | G8: =IFERROR(B8+C8+F8,0) -> 0
A9: AYLIK SABİT TOPLAM | B9: =SUM(B4:B8) -> 70000 | C9: =SUM(C4:C8) -> 8500 | F9: =SUM(F4:F8) -> 14000 | G9: =SUM(G4:G8) -> 92500

Sheet Hesaplama
A1: NextGenBox · Hesaplama (Otomatik)
A3: Bu sayfa otomatik hesaplanır — düzenlemeyin.
A4: Ay | B4: AVM | C4: Oturum | D4: Brüt Gelir (KDV Dahil) | E4: Tahsil KDV | F4: Net Gelir (KDV Hariç) | G4: Kira | H4: Aidat | I4: Kira KDV | J4: Ciro % | K4: Ciro Eşik | L4: Ciro Payı | M4: Sabit AVM Ödeme | N4: Diğer Masraf | O4: Toplam Gider | P4: Brüt Kar (V.Öncesi) | Q4: Komisyon (%4)
A5: =Veri_Girisi!A6 -> 2026-01 | B5: =Veri_Girisi!B6 -> Bursa Zafer Plaza | C5: =IFERROR(Veri_Girisi!C6,0) | D5: =IFERROR(Veri_Girisi!D6,0) -> 0 | E5: =IFERROR(D5*Parametreler!B5/(100+Parametreler!B5),0) -> 0 | F5: =IFERROR(D5-E5,0) -> 0 | G5: =IFERROR(VLOOKUP(B5,AVM_Detay!A:G,2,FALSE()),0) -> 40000 | H5: =IFERROR(VLOOKUP(B5,AVM_Detay!A:G,3,FALSE()),0) -> 7500 | I5: =IFERROR(IF(Parametreler!B13="EVET",G5*Parametreler!B5/100,0),0) -> 8000 | J5: =IFERROR(VLOOKUP(B5,AVM_Detay!A:G,4,FALSE()),0) -> 15 | K5: =IFERROR(VLOOKUP(B5,AVM_Detay!A:G,5,FALSE()),0) -> 40000 | L5: =IFERROR(IF(D5>K5,(D5-K5)*J5/100,0),0) -> 0 | M5: =IFERROR(G5+H5+I5+L5,0) -> 55500 | N5: =IFERROR(Veri_Girisi!E6,0)+IFERROR(SUMPRODUCT((Giderler!H6:H25="aylık")*(Giderler!B6:B25))/2,0)+IFERROR(SUMPRODUCT((Giderler!H6:H25="tek sefer")*(Giderler!J6:J25=A5)*(Giderler!B6:B25))/2,0) -> 1000 | O5: =IFERROR(M5+N5,0) -> 56500 | P5: =IFERROR(F5-Q5-O5,0) -> -56500 | Q5: =IFERROR(D5*Parametreler!B16/100,0) -> 0
A6: =Veri_Girisi!A7 -> 2026-02 | B6: =Veri_Girisi!B7 -> Bursa Zafer Plaza | C6: =IFERROR(Veri_Girisi!C7,0) | D6: =IFERROR(Veri_Girisi!D7,0) -> 0 | E6: =IFERROR(D6*Parametreler!B5/(100+Parametreler!B5),0) -> 0 | F6: =IFERROR(D6-E6,0) -> 0 | G6: =IFERROR(VLOOKUP(B6,AVM_Detay!A:G,2,FALSE()),0) -> 40000 | H6: =IFERROR(VLOOKUP(B6,AVM_Detay!A:G,3,FALSE()),0) -> 7500 | I6: =IFERROR(IF(Parametreler!B13="EVET",G6*Parametreler!B5/100,0),0) -> 8000 | J6: =IFERROR(VLOOKUP(B6,AVM_Detay!A:G,4,FALSE()),0) -> 15 | K6: =IFERROR(VLOOKUP(B6,AVM_Detay!A:G,5,FALSE()),0) -> 40000 | L6: =IFERROR(IF(D6>K6,(D6-K6)*J6/100,0),0) -> 0 | M6: =IFERROR(G6+H6+I6+L6,0) -> 55500 | N6: =IFERROR(Veri_Girisi!E7,0)+IFERROR(SUMPRODUCT((Giderler!H6:H25="aylık")*(Giderler!B6:B25))/2,0)+IFERROR(SUMPRODUCT((Giderler!H6:H25="tek sefer")*(Giderler!J6:J25=A6)*(Giderler!B6:B25))/2,0) -> 1000 | O6: =IFERROR(M6+N6,0) -> 56500 | P6: =IFERROR(F6-Q6-O6,0) -> -56500 | Q6: =IFERROR(D6*Parametreler!B16/100,0) -> 0
A7: =Veri_Girisi!A8 -> 2026-03 | B7: =Veri_Girisi!B8 -> Bursa Zafer Plaza | C7: =IFERROR(Veri_Girisi!C8,0) -> 50 | D7: =IFERROR(Veri_Girisi!D8,0) -> 15000 | E7: =IFERROR(D7*Parametreler!B5/(100+Parametreler!B5),0) -> 2500 | F7: =IFERROR(D7-E7,0) -> 12500 | G7: =IFERROR(VLOOKUP(B7,AVM_Detay!A:G,2,FALSE()),0) -> 40000 | H7: =IFERROR(VLOOKUP(B7,AVM_Detay!A:G,3,FALSE()),0) -> 7500 | I7: =IFERROR(IF(Parametreler!B13="EVET",G7*Parametreler!B5/100,0),0) -> 8000 | J7: =IFERROR(VLOOKUP(B7,AVM_Detay!A:G,4,FALSE()),0) -> 15 | K7: =IFERROR(VLOOKUP(B7,AVM_Detay!A:G,5,FALSE()),0) -> 40000 | L7: =IFERROR(IF(D7>K7,(D7-K7)*J7/100,0),0) -> 0 | M7: =IFERROR(G7+H7+I7+L7,0) -> 55500 | N7: =IFERROR(Veri_Girisi!E8,0)+IFERROR(SUMPRODUCT((Giderler!H6:H25="aylık")*(Giderler!B6:B25))/2,0)+IFERROR(SUMPRODUCT((Giderler!H6:H25="tek sefer")*(Giderler!J6:J25=A7)*(Giderler!B6:B25))/2,0) -> 8217.5 | O7: =IFERROR(M7+N7,0) -> 63717.5 | P7: =IFERROR(F7-Q7-O7,0) -> -51817.5 | Q7: =IFERROR(D7*Parametreler!B16/100,0) -> 600
A8: =Veri_Girisi!A9 -> 2026-04 | B8: =Veri_Girisi!B9 -> Bursa Zafer Plaza | C8: =IFERROR(Veri_Girisi!C9,0) | D8: =IFERROR(Veri_Girisi!D9,0) -> 0 | E8: =IFERROR(D8*Parametreler!B5/(100+Parametreler!B5),0) -> 0 | F8: =IFERROR(D8-E8,0) -> 0 | G8: =IFERROR(VLOOKUP(B8,AVM_Detay!A:G,2,FALSE()),0) -> 40000 | H8: =IFERROR(VLOOKUP(B8,AVM_Detay!A:G,3,FALSE()),0) -> 7500 | I8: =IFERROR(IF(Parametreler!B13="EVET",G8*Parametreler!B5/100,0),0) -> 8000 | J8: =IFERROR(VLOOKUP(B8,AVM_Detay!A:G,4,FALSE()),0) -> 15 | K8: =IFERROR(VLOOKUP(B8,AVM_Detay!A:G,5,FALSE()),0) -> 40000 | L8: =IFERROR(IF(D8>K8,(D8-K8)*J8/100,0),0) -> 0 | M8: =IFERROR(G8+H8+I8+L8,0) -> 55500 | N8: =IFERROR(Veri_Girisi!E9,0)+IFERROR(SUMPRODUCT((Giderler!H6:H25="aylık")*(Giderler!B6:B25))/2,0)+IFERROR(SUMPRODUCT((Giderler!H6:H25="tek sefer")*(Giderler!J6:J25=A8)*(Giderler!B6:B25))/2,0) -> 1000 | O8: =IFERROR(M8+N8,0) -> 56500 | P8: =IFERROR(F8-Q8-O8,0) -> -56500 | Q8: =IFERROR(D8*Parametreler!B16/100,0) -> 0
A9: =Veri_Girisi!A10 -> 2026-05 | B9: =Veri_Girisi!B10 -> Bursa Zafer Plaza | C9: =IFERROR(Veri_Girisi!C10,0) | D9: =IFERROR(Veri_Girisi!D10,0) -> 0 | E9: =IFERROR(D9*Parametreler!B5/(100+Parametreler!B5),0) -> 0 | F9: =IFERROR(D9-E9,0) -> 0 | G9: =IFERROR(VLOOKUP(B9,AVM_Detay!A:G,2,FALSE()),0) -> 40000 | H9: =IFERROR(VLOOKUP(B9,AVM_Detay!A:G,3,FALSE()),0) -> 7500 | I9: =IFERROR(IF(Parametreler!B13="EVET",G9*Parametreler!B5/100,0),0) -> 8000 | J9: =IFERROR(VLOOKUP(B9,AVM_Detay!A:G,4,FALSE()),0) -> 15 | K9: =IFERROR(VLOOKUP(B9,AVM_Detay!A:G,5,FALSE()),0) -> 40000 | L9: =IFERROR(IF(D9>K9,(D9-K9)*J9/100,0),0) -> 0 | M9: =IFERROR(G9+H9+I9+L9,0) -> 55500 | N9: =IFERROR(Veri_Girisi!E10,0)+IFERROR(SUMPRODUCT((Giderler!H6:H25="aylık")*(Giderler!B6:B25))/2,0)+IFERROR(SUMPRODUCT((Giderler!H6:H25="tek sefer")*(Giderler!J6:J25=A9)*(Giderler!B6:B25))/2,0) -> 1000 | O9: =IFERROR(M9+N9,0) -> 56500 | P9: =IFERROR(F9-Q9-O9,0) -> -56500 | Q9: =IFERROR(D9*Parametreler!B16/100,0) -> 0
A10: =Veri_Girisi!A11 -> 2026-06 | B10: =Veri_Girisi!B11 -> Bursa Zafer Plaza | C10: =IFERROR(Veri_Girisi!C11,0) | D10: =IFERROR(Veri_Girisi!D11,0) -> 0 | E10: =IFERROR(D10*Parametreler!B5/(100+Parametreler!B5),0) -> 0 | F10: =IFERROR(D10-E10,0) -> 0 | G10: =IFERROR(VLOOKUP(B10,AVM_Detay!A:G,2,FALSE()),0) -> 40000 | H10: =IFERROR(VLOOKUP(B10,AVM_Detay!A:G,3,FALSE()),0) -> 7500 | I10: =IFERROR(IF(Parametreler!B13="EVET",G10*Parametreler!B5/100,0),0) -> 8000 | J10: =IFERROR(VLOOKUP(B10,AVM_Detay!A:G,4,FALSE()),0) -> 15 | K10: =IFERROR(VLOOKUP(B10,AVM_Detay!A:G,5,FALSE()),0) -> 40000 | L10: =IFERROR(IF(D10>K10,(D10-K10)*J10/100,0),0) -> 0 | M10: =IFERROR(G10+H10+I10+L10,0) -> 55500 | N10: =IFERROR(Veri_Girisi!E11,0)+IFERROR(SUMPRODUCT((Giderler!H6:H25="aylık")*(Giderler!B6:B25))/2,0)+IFERROR(SUMPRODUCT((Giderler!H6:H25="tek sefer")*(Giderler!J6:J25=A10)*(Giderler!B6:B25))/2,0) -> 1000 | O10: =IFERROR(M10+N10,0) -> 56500 | P10: =IFERROR(F10-Q10-O10,0) -> -56500 | Q10: =IFERROR(D10*Parametreler!B16/100,0) -> 0
A11: =Veri_Girisi!A12 -> 2026-07 | B11: =Veri_Girisi!B12 -> Bursa Zafer Plaza | C11: =IFERROR(Veri_Girisi!C12,0) | D11: =IFERROR(Veri_Girisi!D12,0) -> 0 | E11: =IFERROR(D11*Parametreler!B5/(100+Parametreler!B5),0) -> 0 | F11: =IFERROR(D11-E11,0) -> 0 | G11: =IFERROR(VLOOKUP(B11,AVM_Detay!A:G,2,FALSE()),0) -> 40000 | H11: =IFERROR(VLOOKUP(B11,AVM_Detay!A:G,3,FALSE()),0) -> 7500 | I11: =IFERROR(IF(Parametreler!B13="EVET",G11*Parametreler!B5/100,0),0) -> 8000 | J11: =IFERROR(VLOOKUP(B11,AVM_Detay!A:G,4,FALSE()),0) -> 15 | K11: =IFERROR(VLOOKUP(B11,AVM_Detay!A:G,5,FALSE()),0) -> 40000 | L11: =IFERROR(IF(D11>K11,(D11-K11)*J11/100,0),0) -> 0 | M11: =IFERROR(G11+H11+I11+L11,0) -> 55500 | N11: =IFERROR(Veri_Girisi!E12,0)+IFERROR(SUMPRODUCT((Giderler!H6:H25="aylık")*(Giderler!B6:B25))/2,0)+IFERROR(SUMPRODUCT((Giderler!H6:H25="tek sefer")*(Giderler!J6:J25=A11)*(Giderler!B6:B25))/2,0) -> 1000 | O11: =IFERROR(M11+N11,0) -> 56500 | P11: =IFERROR(F11-Q11-O11,0) -> -56500 | Q11: =IFERROR(D11*Parametreler!B16/100,0) -> 0
A12: =Veri_Girisi!A13 -> 2026-08 | B12: =Veri_Girisi!B13 -> Bursa Zafer Plaza | C12: =IFERROR(Veri_Girisi!C13,0) | D12: =IFERROR(Veri_Girisi!D13,0) -> 0 | E12: =IFERROR(D12*Parametreler!B5/(100+Parametreler!B5),0) -> 0 | F12: =IFERROR(D12-E12,0) -> 0 | G12: =IFERROR(VLOOKUP(B12,AVM_Detay!A:G,2,FALSE()),0) -> 40000 | H12: =IFERROR(VLOOKUP(B12,AVM_Detay!A:G,3,FALSE()),0) -> 7500 | I12: =IFERROR(IF(Parametreler!B13="EVET",G12*Parametreler!B5/100,0),0) -> 8000 | J12: =IFERROR(VLOOKUP(B12,AVM_Detay!A:G,4,FALSE()),0) -> 15 | K12: =IFERROR(VLOOKUP(B12,AVM_Detay!A:G,5,FALSE()),0) -> 40000 | L12: =IFERROR(IF(D12>K12,(D12-K12)*J12/100,0),0) -> 0 | M12: =IFERROR(G12+H12+I12+L12,0) -> 55500 | N12: =IFERROR(Veri_Girisi!E13,0)+IFERROR(SUMPRODUCT((Giderler!H6:H25="aylık")*(Giderler!B6:B25))/2,0)+IFERROR(SUMPRODUCT((Giderler!H6:H25="tek sefer")*(Giderler!J6:J25=A12)*(Giderler!B6:B25))/2,0) -> 1000 | O12: =IFERROR(M12+N12,0) -> 56500 | P12: =IFERROR(F12-Q12-O12,0) -> -56500 | Q12: =IFERROR(D12*Parametreler!B16/100,0) -> 0
A13: =Veri_Girisi!A14 -> 2026-09 | B13: =Veri_Girisi!B14 -> Bursa Zafer Plaza | C13: =IFERROR(Veri_Girisi!C14,0) | D13: =IFERROR(Veri_Girisi!D14,0) -> 0 | E13: =IFERROR(D13*Parametreler!B5/(100+Parametreler!B5),0) -> 0 | F13: =IFERROR(D13-E13,0) -> 0 | G13: =IFERROR(VLOOKUP(B13,AVM_Detay!A:G,2,FALSE()),0) -> 40000 | H13: =IFERROR(VLOOKUP(B13,AVM_Detay!A:G,3,FALSE()),0) -> 7500 | I13: =IFERROR(IF(Parametreler!B13="EVET",G13*Parametreler!B5/100,0),0) -> 8000 | J13: =IFERROR(VLOOKUP(B13,AVM_Detay!A:G,4,FALSE()),0) -> 15 | K13: =IFERROR(VLOOKUP(B13,AVM_Detay!A:G,5,FALSE()),0) -> 40000 | L13: =IFERROR(IF(D13>K13,(D13-K13)*J13/100,0),0) -> 0 | M13: =IFERROR(G13+H13+I13+L13,0) -> 55500 | N13: =IFERROR(Veri_Girisi!E14,0)+IFERROR(SUMPRODUCT((Giderler!H6:H25="aylık")*(Giderler!B6:B25))/2,0)+IFERROR(SUMPRODUCT((Giderler!H6:H25="tek sefer")*(Giderler!J6:J25=A13)*(Giderler!B6:B25))/2,0) -> 1000 | O13: =IFERROR(M13+N13,0) -> 56500 | P13: =IFERROR(F13-Q13-O13,0) -> -56500 | Q13: =IFERROR(D13*Parametreler!B16/100,0) -> 0
A14: =Veri_Girisi!A15 -> 2026-10 | B14: =Veri_Girisi!B15 -> Bursa Zafer Plaza | C14: =IFERROR(Veri_Girisi!C15,0) | D14: =IFERROR(Veri_Girisi!D15,0) -> 0 | E14: =IFERROR(D14*Parametreler!B5/(100+Parametreler!B5),0) -> 0 | F14: =IFERROR(D14-E14,0) -> 0 | G14: =IFERROR(VLOOKUP(B14,AVM_Detay!A:G,2,FALSE()),0) -> 40000 | H14: =IFERROR(VLOOKUP(B14,AVM_Detay!A:G,3,FALSE()),0) -> 7500 | I14: =IFERROR(IF(Parametreler!B13="EVET",G14*Parametreler!B5/100,0),0) -> 8000 | J14: =IFERROR(VLOOKUP(B14,AVM_Detay!A:G,4,FALSE()),0) -> 15 | K14: =IFERROR(VLOOKUP(B14,AVM_Detay!A:G,5,FALSE()),0) -> 40000 | L14: =IFERROR(IF(D14>K14,(D14-K14)*J14/100,0),0) -> 0 | M14: =IFERROR(G14+H14+I14+L14,0) -> 55500 | N14: =IFERROR(Veri_Girisi!E15,0)+IFERROR(SUMPRODUCT((Giderler!H6:H25="aylık")*(Giderler!B6:B25))/2,0)+IFERROR(SUMPRODUCT((Giderler!H6:H25="tek sefer")*(Giderler!J6:J25=A14)*(Giderler!B6:B25))/2,0) -> 1000 | O14: =IFERROR(M14+N14,0) -> 56500 | P14: =IFERROR(F14-Q14-O14,0) -> -56500 | Q14: =IFERROR(D14*Parametreler!B16/100,0) -> 0
A15: =Veri_Girisi!A16 -> 2026-11 | B15: =Veri_Girisi!B16 -> Bursa Zafer Plaza | C15: =IFERROR(Veri_Girisi!C16,0) | D15: =IFERROR(Veri_Girisi!D16,0) -> 0 | E15: =IFERROR(D15*Parametreler!B5/(100+Parametreler!B5),0) -> 0 | F15: =IFERROR(D15-E15,0) -> 0 | G15: =IFERROR(VLOOKUP(B15,AVM_Detay!A:G,2,FALSE()),0) -> 40000 | H15: =IFERROR(VLOOKUP(B15,AVM_Detay!A:G,3,FALSE()),0) -> 7500 | I15: =IFERROR(IF(Parametreler!B13="EVET",G15*Parametreler!B5/100,0),0) -> 8000 | J15: =IFERROR(VLOOKUP(B15,AVM_Detay!A:G,4,FALSE()),0) -> 15 | K15: =IFERROR(VLOOKUP(B15,AVM_Detay!A:G,5,FALSE()),0) -> 40000 | L15: =IFERROR(IF(D15>K15,(D15-K15)*J15/100,0),0) -> 0 | M15: =IFERROR(G15+H15+I15+L15,0) -> 55500 | N15: =IFERROR(Veri_Girisi!E16,0)+IFERROR(SUMPRODUCT((Giderler!H6:H25="aylık")*(Giderler!B6:B25))/2,0)+IFERROR(SUMPRODUCT((Giderler!H6:H25="tek sefer")*(Giderler!J6:J25=A15)*(Giderler!B6:B25))/2,0) -> 1000 | O15: =IFERROR(M15+N15,0) -> 56500 | P15: =IFERROR(F15-Q15-O15,0) -> -56500 | Q15: =IFERROR(D15*Parametreler!B16/100,0) -> 0
A16: =Veri_Girisi!A17 -> 2026-12 | B16: =Veri_Girisi!B17 -> Bursa Zafer Plaza | C16: =IFERROR(Veri_Girisi!C17,0) | D16: =IFERROR(Veri_Girisi!D17,0) -> 0 | E16: =IFERROR(D16*Parametreler!B5/(100+Parametreler!B5),0) -> 0 | F16: =IFERROR(D16-E16,0) -> 0 | G16: =IFERROR(VLOOKUP(B16,AVM_Detay!A:G,2,FALSE()),0) -> 40000 | H16: =IFERROR(VLOOKUP(B16,AVM_Detay!A:G,3,FALSE()),0) -> 7500 | I16: =IFERROR(IF(Parametreler!B13="EVET",G16*Parametreler!B5/100,0),0) -> 8000 | J16: =IFERROR(VLOOKUP(B16,AVM_Detay!A:G,4,FALSE()),0) -> 15 | K16: =IFERROR(VLOOKUP(B16,AVM_Detay!A:G,5,FALSE()),0) -> 40000 | L16: =IFERROR(IF(D16>K16,(D16-K16)*J16/100,0),0) -> 0 | M16: =IFERROR(G16+H16+I16+L16,0) -> 55500 | N16: =IFERROR(Veri_Girisi!E17,0)+IFERROR(SUMPRODUCT((Giderler!H6:H25="aylık")*(Giderler!B6:B25))/2,0)+IFERROR(SUMPRODUCT((Giderler!H6:H25="tek sefer")*(Giderler!J6:J25=A16)*(Giderler!B6:B25))/2,0) -> 1000 | O16: =IFERROR(M16+N16,0) -> 56500 | P16: =IFERROR(F16-Q16-O16,0) -> -56500 | Q16: =IFERROR(D16*Parametreler!B16/100,0) -> 0
A17: =Veri_Girisi!A18 -> 2026-01 | B17: =Veri_Girisi!B18 -> Mavibahçe | C17: =IFERROR(Veri_Girisi!C18,0) | D17: =IFERROR(Veri_Girisi!D18,0) -> 0 | E17: =IFERROR(D17*Parametreler!B5/(100+Parametreler!B5),0) -> 0 | F17: =IFERROR(D17-E17,0) -> 0 | G17: =IFERROR(VLOOKUP(B17,AVM_Detay!A:G,2,FALSE()),0) -> 30000 | H17: =IFERROR(VLOOKUP(B17,AVM_Detay!A:G,3,FALSE()),0) -> 1000 | I17: =IFERROR(IF(Parametreler!B13="EVET",G17*Parametreler!B5/100,0),0) -> 6000 | J17: =IFERROR(VLOOKUP(B17,AVM_Detay!A:G,4,FALSE()),0) -> 15 | K17: =IFERROR(VLOOKUP(B17,AVM_Detay!A:G,5,FALSE()),0) -> 30000 | L17: =IFERROR(IF(D17>K17,(D17-K17)*J17/100,0),0) -> 0 | M17: =IFERROR(G17+H17+I17+L17,0) -> 37000 | N17: =IFERROR(Veri_Girisi!E18,0)+IFERROR(SUMPRODUCT((Giderler!H6:H25="aylık")*(Giderler!B6:B25))/2,0)+IFERROR(SUMPRODUCT((Giderler!H6:H25="tek sefer")*(Giderler!J6:J25=A17)*(Giderler!B6:B25))/2,0) -> 1000 | O17: =IFERROR(M17+N17,0) -> 38000 | P17: =IFERROR(F17-Q17-O17,0) -> -38000 | Q17: =IFERROR(D17*Parametreler!B16/100,0) -> 0
A18: =Veri_Girisi!A19 -> 2026-02 | B18: =Veri_Girisi!B19 -> Mavibahçe | C18: =IFERROR(Veri_Girisi!C19,0) | D18: =IFERROR(Veri_Girisi!D19,0) -> 0 | E18: =IFERROR(D18*Parametreler!B5/(100+Parametreler!B5),0) -> 0 | F18: =IFERROR(D18-E18,0) -> 0 | G18: =IFERROR(VLOOKUP(B18,AVM_Detay!A:G,2,FALSE()),0) -> 30000 | H18: =IFERROR(VLOOKUP(B18,AVM_Detay!A:G,3,FALSE()),0) -> 1000 | I18: =IFERROR(IF(Parametreler!B13="EVET",G18*Parametreler!B5/100,0),0) -> 6000 | J18: =IFERROR(VLOOKUP(B18,AVM_Detay!A:G,4,FALSE()),0) -> 15 | K18: =IFERROR(VLOOKUP(B18,AVM_Detay!A:G,5,FALSE()),0) -> 30000 | L18: =IFERROR(IF(D18>K18,(D18-K18)*J18/100,0),0) -> 0 | M18: =IFERROR(G18+H18+I18+L18,0) -> 37000 | N18: =IFERROR(Veri_Girisi!E19,0)+IFERROR(SUMPRODUCT((Giderler!H6:H25="aylık")*(Giderler!B6:B25))/2,0)+IFERROR(SUMPRODUCT((Giderler!H6:H25="tek sefer")*(Giderler!J6:J25=A18)*(Giderler!B6:B25))/2,0) -> 1000 | O18: =IFERROR(M18+N18,0) -> 38000 | P18: =IFERROR(F18-Q18-O18,0) -> -38000 | Q18: =IFERROR(D18*Parametreler!B16/100,0) -> 0
A19: =Veri_Girisi!A20 -> 2026-03 | B19: =Veri_Girisi!B20 -> Mavibahçe | C19: =IFERROR(Veri_Girisi!C20,0) -> 49 | D19: =IFERROR(Veri_Girisi!D20,0) -> 14700 | E19: =IFERROR(D19*Parametreler!B5/(100+Parametreler!B5),0) -> 2450 | F19: =IFERROR(D19-E19,0) -> 12250 | G19: =IFERROR(VLOOKUP(B19,AVM_Detay!A:G,2,FALSE()),0) -> 30000 | H19: =IFERROR(VLOOKUP(B19,AVM_Detay!A:G,3,FALSE()),0) -> 1000 | I19: =IFERROR(IF(Parametreler!B13="EVET",G19*Parametreler!B5/100,0),0) -> 6000 | J19: =IFERROR(VLOOKUP(B19,AVM_Detay!A:G,4,FALSE()),0) -> 15 | K19: =IFERROR(VLOOKUP(B19,AVM_Detay!A:G,5,FALSE()),0) -> 30000 | L19: =IFERROR(IF(D19>K19,(D19-K19)*J19/100,0),0) -> 0 | M19: =IFERROR(G19+H19+I19+L19,0) -> 37000 | N19: =IFERROR(Veri_Girisi!E20,0)+IFERROR(SUMPRODUCT((Giderler!H6:H25="aylık")*(Giderler!B6:B25))/2,0)+IFERROR(SUMPRODUCT((Giderler!H6:H25="tek sefer")*(Giderler!J6:J25=A19)*(Giderler!B6:B25))/2,0) -> 8217.5 | O19: =IFERROR(M19+N19,0) -> 45217.5 | P19: =IFERROR(F19-Q19-O19,0) -> -33555.5 | Q19: =IFERROR(D19*Parametreler!B16/100,0) -> 588
A20: =Veri_Girisi!A21 -> 2026-04 | B20: =Veri_Girisi!B21 -> Mavibahçe | C20: =IFERROR(Veri_Girisi!C21,0) | D20: =IFERROR(Veri_Girisi!D21,0) -> 0 | E20: =IFERROR(D20*Parametreler!B5/(100+Parametreler!B5),0) -> 0 | F20: =IFERROR(D20-E20,0) -> 0 | G20: =IFERROR(VLOOKUP(B20,AVM_Detay!A:G,2,FALSE()),0) -> 30000 | H20: =IFERROR(VLOOKUP(B20,AVM_Detay!A:G,3,FALSE()),0) -> 1000 | I20: =IFERROR(IF(Parametreler!B13="EVET",G20*Parametreler!B5/100,0),0) -> 6000 | J20: =IFERROR(VLOOKUP(B20,AVM_Detay!A:G,4,FALSE()),0) -> 15 | K20: =IFERROR(VLOOKUP(B20,AVM_Detay!A:G,5,FALSE()),0) -> 30000 | L20: =IFERROR(IF(D20>K20,(D20-K20)*J20/100,0),0) -> 0 | M20: =IFERROR(G20+H20+I20+L20,0) -> 37000 | N20: =IFERROR(Veri_Girisi!E21,0)+IFERROR(SUMPRODUCT((Giderler!H6:H25="aylık")*(Giderler!B6:B25))/2,0)+IFERROR(SUMPRODUCT((Giderler!H6:H25="tek sefer")*(Giderler!J6:J25=A20)*(Giderler!B6:B25))/2,0) -> 1000 | O20: =IFERROR(M20+N20,0) -> 38000 | P20: =IFERROR(F20-Q20-O20,0) -> -38000 | Q20: =IFERROR(D20*Parametreler!B16/100,0) -> 0
A21: =Veri_Girisi!A22 -> 2026-05 | B21: =Veri_Girisi!B22 -> Mavibahçe | C21: =IFERROR(Veri_Girisi!C22,0) | D21: =IFERROR(Veri_Girisi!D22,0) -> 0 | E21: =IFERROR(D21*Parametreler!B5/(100+Parametreler!B5),0) -> 0 | F21: =IFERROR(D21-E21,0) -> 0 | G21: =IFERROR(VLOOKUP(B21,AVM_Detay!A:G,2,FALSE()),0) -> 30000 | H21: =IFERROR(VLOOKUP(B21,AVM_Detay!A:G,3,FALSE()),0) -> 1000 | I21: =IFERROR(IF(Parametreler!B13="EVET",G21*Parametreler!B5/100,0),0) -> 6000 | J21: =IFERROR(VLOOKUP(B21,AVM_Detay!A:G,4,FALSE()),0) -> 15 | K21: =IFERROR(VLOOKUP(B21,AVM_Detay!A:G,5,FALSE()),0) -> 30000 | L21: =IFERROR(IF(D21>K21,(D21-K21)*J21/100,0),0) -> 0 | M21: =IFERROR(G21+H21+I21+L21,0) -> 37000 | N21: =IFERROR(Veri_Girisi!E22,0)+IFERROR(SUMPRODUCT((Giderler!H6:H25="aylık")*(Giderler!B6:B25))/2,0)+IFERROR(SUMPRODUCT((Giderler!H6:H25="tek sefer")*(Giderler!J6:J25=A21)*(Giderler!B6:B25))/2,0) -> 1000 | O21: =IFERROR(M21+N21,0) -> 38000 | P21: =IFERROR(F21-Q21-O21,0) -> -38000 | Q21: =IFERROR(D21*Parametreler!B16/100,0) -> 0
A22: =Veri_Girisi!A23 -> 2026-06 | B22: =Veri_Girisi!B23 -> Mavibahçe | C22: =IFERROR(Veri_Girisi!C23,0) | D22: =IFERROR(Veri_Girisi!D23,0) -> 0 | E22: =IFERROR(D22*Parametreler!B5/(100+Parametreler!B5),0) -> 0 | F22: =IFERROR(D22-E22,0) -> 0 | G22: =IFERROR(VLOOKUP(B22,AVM_Detay!A:G,2,FALSE()),0) -> 30000 | H22: =IFERROR(VLOOKUP(B22,AVM_Detay!A:G,3,FALSE()),0) -> 1000 | I22: =IFERROR(IF(Parametreler!B13="EVET",G22*Parametreler!B5/100,0),0) -> 6000 | J22: =IFERROR(VLOOKUP(B22,AVM_Detay!A:G,4,FALSE()),0) -> 15 | K22: =IFERROR(VLOOKUP(B22,AVM_Detay!A:G,5,FALSE()),0) -> 30000 | L22: =IFERROR(IF(D22>K22,(D22-K22)*J22/100,0),0) -> 0 | M22: =IFERROR(G22+H22+I22+L22,0) -> 37000 | N22: =IFERROR(Veri_Girisi!E23,0)+IFERROR(SUMPRODUCT((Giderler!H6:H25="aylık")*(Giderler!B6:B25))/2,0)+IFERROR(SUMPRODUCT((Giderler!H6:H25="tek sefer")*(Giderler!J6:J25=A22)*(Giderler!B6:B25))/2,0) -> 1000 | O22: =IFERROR(M22+N22,0) -> 38000 | P22: =IFERROR(F22-Q22-O22,0) -> -38000 | Q22: =IFERROR(D22*Parametreler!B16/100,0) -> 0
A23: =Veri_Girisi!A24 -> 2026-07 | B23: =Veri_Girisi!B24 -> Mavibahçe | C23: =IFERROR(Veri_Girisi!C24,0) | D23: =IFERROR(Veri_Girisi!D24,0) -> 0 | E23: =IFERROR(D23*Parametreler!B5/(100+Parametreler!B5),0) -> 0 | F23: =IFERROR(D23-E23,0) -> 0 | G23: =IFERROR(VLOOKUP(B23,AVM_Detay!A:G,2,FALSE()),0) -> 30000 | H23: =IFERROR(VLOOKUP(B23,AVM_Detay!A:G,3,FALSE()),0) -> 1000 | I23: =IFERROR(IF(Parametreler!B13="EVET",G23*Parametreler!B5/100,0),0) -> 6000 | J23: =IFERROR(VLOOKUP(B23,AVM_Detay!A:G,4,FALSE()),0) -> 15 | K23: =IFERROR(VLOOKUP(B23,AVM_Detay!A:G,5,FALSE()),0) -> 30000 | L23: =IFERROR(IF(D23>K23,(D23-K23)*J23/100,0),0) -> 0 | M23: =IFERROR(G23+H23+I23+L23,0) -> 37000 | N23: =IFERROR(Veri_Girisi!E24,0)+IFERROR(SUMPRODUCT((Giderler!H6:H25="aylık")*(Giderler!B6:B25))/2,0)+IFERROR(SUMPRODUCT((Giderler!H6:H25="tek sefer")*(Giderler!J6:J25=A23)*(Giderler!B6:B25))/2,0) -> 1000 | O23: =IFERROR(M23+N23,0) -> 38000 | P23: =IFERROR(F23-Q23-O23,0) -> -38000 | Q23: =IFERROR(D23*Parametreler!B16/100,0) -> 0
A24: =Veri_Girisi!A25 -> 2026-08 | B24: =Veri_Girisi!B25 -> Mavibahçe | C24: =IFERROR(Veri_Girisi!C25,0) | D24: =IFERROR(Veri_Girisi!D25,0) -> 0 | E24: =IFERROR(D24*Parametreler!B5/(100+Parametreler!B5),0) -> 0 | F24: =IFERROR(D24-E24,0) -> 0 | G24: =IFERROR(VLOOKUP(B24,AVM_Detay!A:G,2,FALSE()),0) -> 30000 | H24: =IFERROR(VLOOKUP(B24,AVM_Detay!A:G,3,FALSE()),0) -> 1000 | I24: =IFERROR(IF(Parametreler!B13="EVET",G24*Parametreler!B5/100,0),0) -> 6000 | J24: =IFERROR(VLOOKUP(B24,AVM_Detay!A:G,4,FALSE()),0) -> 15 | K24: =IFERROR(VLOOKUP(B24,AVM_Detay!A:G,5,FALSE()),0) -> 30000 | L24: =IFERROR(IF(D24>K24,(D24-K24)*J24/100,0),0) -> 0 | M24: =IFERROR(G24+H24+I24+L24,0) -> 37000 | N24: =IFERROR(Veri_Girisi!E25,0)+IFERROR(SUMPRODUCT((Giderler!H6:H25="aylık")*(Giderler!B6:B25))/2,0)+IFERROR(SUMPRODUCT((Giderler!H6:H25="tek sefer")*(Giderler!J6:J25=A24)*(Giderler!B6:B25))/2,0) -> 1000 | O24: =IFERROR(M24+N24,0) -> 38000 | P24: =IFERROR(F24-Q24-O24,0) -> -38000 | Q24: =IFERROR(D24*Parametreler!B16/100,0) -> 0
A25: =Veri_Girisi!A26 -> 2026-09 | B25: =Veri_Girisi!B26 -> Mavibahçe | C25: =IFERROR(Veri_Girisi!C26,0) | D25: =IFERROR(Veri_Girisi!D26,0) -> 0 | E25: =IFERROR(D25*Parametreler!B5/(100+Parametreler!B5),0) -> 0 | F25: =IFERROR(D25-E25,0) -> 0 | G25: =IFERROR(VLOOKUP(B25,AVM_Detay!A:G,2,FALSE()),0) -> 30000 | H25: =IFERROR(VLOOKUP(B25,AVM_Detay!A:G,3,FALSE()),0) -> 1000 | I25: =IFERROR(IF(Parametreler!B13="EVET",G25*Parametreler!B5/100,0),0) -> 6000 | J25: =IFERROR(VLOOKUP(B25,AVM_Detay!A:G,4,FALSE()),0) -> 15 | K25: =IFERROR(VLOOKUP(B25,AVM_Detay!A:G,5,FALSE()),0) -> 30000 | L25: =IFERROR(IF(D25>K25,(D25-K25)*J25/100,0),0) -> 0 | M25: =IFERROR(G25+H25+I25+L25,0) -> 37000 | N25: =IFERROR(Veri_Girisi!E26,0)+IFERROR(SUMPRODUCT((Giderler!H6:H25="aylık")*(Giderler!B6:B25))/2,0)+IFERROR(SUMPRODUCT((Giderler!H6:H25="tek sefer")*(Giderler!J6:J25=A25)*(Giderler!B6:B25))/2,0) -> 1000 | O25: =IFERROR(M25+N25,0) -> 38000 | P25: =IFERROR(F25-Q25-O25,0) -> -38000 | Q25: =IFERROR(D25*Parametreler!B16/100,0) -> 0
A26: =Veri_Girisi!A27 -> 2026-10 | B26: =Veri_Girisi!B27 -> Mavibahçe | C26: =IFERROR(Veri_Girisi!C27,0) | D26: =IFERROR(Veri_Girisi!D27,0) -> 0 | E26: =IFERROR(D26*Parametreler!B5/(100+Parametreler!B5),0) -> 0 | F26: =IFERROR(D26-E26,0) -> 0 | G26: =IFERROR(VLOOKUP(B26,AVM_Detay!A:G,2,FALSE()),0) -> 30000 | H26: =IFERROR(VLOOKUP(B26,AVM_Detay!A:G,3,FALSE()),0) -> 1000 | I26: =IFERROR(IF(Parametreler!B13="EVET",G26*Parametreler!B5/100,0),0) -> 6000 | J26: =IFERROR(VLOOKUP(B26,AVM_Detay!A:G,4,FALSE()),0) -> 15 | K26: =IFERROR(VLOOKUP(B26,AVM_Detay!A:G,5,FALSE()),0) -> 30000 | L26: =IFERROR(IF(D26>K26,(D26-K26)*J26/100,0),0) -> 0 | M26: =IFERROR(G26+H26+I26+L26,0) -> 37000 | N26: =IFERROR(Veri_Girisi!E27,0)+IFERROR(SUMPRODUCT((Giderler!H6:H25="aylık")*(Giderler!B6:B25))/2,0)+IFERROR(SUMPRODUCT((Giderler!H6:H25="tek sefer")*(Giderler!J6:J25=A26)*(Giderler!B6:B25))/2,0) -> 1000 | O26: =IFERROR(M26+N26,0) -> 38000 | P26: =IFERROR(F26-Q26-O26,0) -> -38000 | Q26: =IFERROR(D26*Parametreler!B16/100,0) -> 0
A27: =Veri_Girisi!A28 -> 2026-11 | B27: =Veri_Girisi!B28 -> Mavibahçe | C27: =IFERROR(Veri_Girisi!C28,0) | D27: =IFERROR(Veri_Girisi!D28,0) -> 0 | E27: =IFERROR(D27*Parametreler!B5/(100+Parametreler!B5),0) -> 0 | F27: =IFERROR(D27-E27,0) -> 0 | G27: =IFERROR(VLOOKUP(B27,AVM_Detay!A:G,2,FALSE()),0) -> 30000 | H27: =IFERROR(VLOOKUP(B27,AVM_Detay!A:G,3,FALSE()),0) -> 1000 | I27: =IFERROR(IF(Parametreler!B13="EVET",G27*Parametreler!B5/100,0),0) -> 6000 | J27: =IFERROR(VLOOKUP(B27,AVM_Detay!A:G,4,FALSE()),0) -> 15 | K27: =IFERROR(VLOOKUP(B27,AVM_Detay!A:G,5,FALSE()),0) -> 30000 | L27: =IFERROR(IF(D27>K27,(D27-K27)*J27/100,0),0) -> 0 | M27: =IFERROR(G27+H27+I27+L27,0) -> 37000 | N27: =IFERROR(Veri_Girisi!E28,0)+IFERROR(SUMPRODUCT((Giderler!H6:H25="aylık")*(Giderler!B6:B25))/2,0)+IFERROR(SUMPRODUCT((Giderler!H6:H25="tek sefer")*(Giderler!J6:J25=A27)*(Giderler!B6:B25))/2,0) -> 1000 | O27: =IFERROR(M27+N27,0) -> 38000 | P27: =IFERROR(F27-Q27-O27,0) -> -38000 | Q27: =IFERROR(D27*Parametreler!B16/100,0) -> 0
A28: =Veri_Girisi!A29 -> 2026-12 | B28: =Veri_Girisi!B29 -> Mavibahçe | C28: =IFERROR(Veri_Girisi!C29,0) | D28: =IFERROR(Veri_Girisi!D29,0) -> 0 | E28: =IFERROR(D28*Parametreler!B5/(100+Parametreler!B5),0) -> 0 | F28: =IFERROR(D28-E28,0) -> 0 | G28: =IFERROR(VLOOKUP(B28,AVM_Detay!A:G,2,FALSE()),0) -> 30000 | H28: =IFERROR(VLOOKUP(B28,AVM_Detay!A:G,3,FALSE()),0) -> 1000 | I28: =IFERROR(IF(Parametreler!B13="EVET",G28*Parametreler!B5/100,0),0) -> 6000 | J28: =IFERROR(VLOOKUP(B28,AVM_Detay!A:G,4,FALSE()),0) -> 15 | K28: =IFERROR(VLOOKUP(B28,AVM_Detay!A:G,5,FALSE()),0) -> 30000 | L28: =IFERROR(IF(D28>K28,(D28-K28)*J28/100,0),0) -> 0 | M28: =IFERROR(G28+H28+I28+L28,0) -> 37000 | N28: =IFERROR(Veri_Girisi!E29,0)+IFERROR(SUMPRODUCT((Giderler!H6:H25="aylık")*(Giderler!B6:B25))/2,0)+IFERROR(SUMPRODUCT((Giderler!H6:H25="tek sefer")*(Giderler!J6:J25=A28)*(Giderler!B6:B25))/2,0) -> 1000 | O28: =IFERROR(M28+N28,0) -> 38000 | P28: =IFERROR(F28-Q28-O28,0) -> -38000 | Q28: =IFERROR(D28*Parametreler!B16/100,0) -> 0

Sheet Nakit_Akis
A1: NextGenBox · Nakit Akış
A3: Ay | B3: Nakit Giriş | C3: Toplam Gider | D3: Net Nakit | E3: Alp Payı | F3: NextGenBox Payı | G3: Kümülatif
A4: 2026-01 | B4: =IFERROR(SUMIFS(Hesaplama!D:D,Hesaplama!A:A,A4),0) -> 0 | C4: =IFERROR(SUMIFS(Hesaplama!O:O,Hesaplama!A:A,A4),0) -> 94500 | D4: =IFERROR(B4-C4,0) -> -94500 | E4: =IFERROR(D4*Parametreler!B10/100,0) -> -47250 | F4: =IFERROR(D4*Parametreler!B11/100,0) -> -47250 | G4: =IFERROR(D4,0) -> -94500
A5: 2026-02 | B5: =IFERROR(SUMIFS(Hesaplama!D:D,Hesaplama!A:A,A5),0) -> 0 | C5: =IFERROR(SUMIFS(Hesaplama!O:O,Hesaplama!A:A,A5),0) -> 94500 | D5: =IFERROR(B5-C5,0) -> -94500 | E5: =IFERROR(D5*Parametreler!B10/100,0) -> -47250 | F5: =IFERROR(D5*Parametreler!B11/100,0) -> -47250 | G5: =IFERROR(G4+D5,0) -> -189000
A6: 2026-03 | B6: =IFERROR(SUMIFS(Hesaplama!D:D,Hesaplama!A:A,A6),0) -> 29700 | C6: =IFERROR(SUMIFS(Hesaplama!O:O,Hesaplama!A:A,A6),0) -> 108935 | D6: =IFERROR(B6-C6,0) -> -79235 | E6: =IFERROR(D6*Parametreler!B10/100,0) -> -39617.5 | F6: =IFERROR(D6*Parametreler!B11/100,0) -> -39617.5 | G6: =IFERROR(G5+D6,0) -> -268235
A7: 2026-04 | B7: =IFERROR(SUMIFS(Hesaplama!D:D,Hesaplama!A:A,A7),0) -> 0 | C7: =IFERROR(SUMIFS(Hesaplama!O:O,Hesaplama!A:A,A7),0) -> 94500 | D7: =IFERROR(B7-C7,0) -> -94500 | E7: =IFERROR(D7*Parametreler!B10/100,0) -> -47250 | F7: =IFERROR(D7*Parametreler!B11/100,0) -> -47250 | G7: =IFERROR(G6+D7,0) -> -362735
A8: 2026-05 | B8: =IFERROR(SUMIFS(Hesaplama!D:D,Hesaplama!A:A,A8),0) -> 0 | C8: =IFERROR(SUMIFS(Hesaplama!O:O,Hesaplama!A:A,A8),0) -> 94500 | D8: =IFERROR(B8-C8,0) -> -94500 | E8: =IFERROR(D8*Parametreler!B10/100,0) -> -47250 | F8: =IFERROR(D8*Parametreler!B11/100,0) -> -47250 | G8: =IFERROR(G7+D8,0) -> -457235
A9: 2026-06 | B9: =IFERROR(SUMIFS(Hesaplama!D:D,Hesaplama!A:A,A9),0) -> 0 | C9: =IFERROR(SUMIFS(Hesaplama!O:O,Hesaplama!A:A,A9),0) -> 94500 | D9: =IFERROR(B9-C9,0) -> -94500 | E9: =IFERROR(D9*Parametreler!B10/100,0) -> -47250 | F9: =IFERROR(D9*Parametreler!B11/100,0) -> -47250 | G9: =IFERROR(G8+D9,0) -> -551735
A10: 2026-07 | B10: =IFERROR(SUMIFS(Hesaplama!D:D,Hesaplama!A:A,A10),0) -> 0 | C10: =IFERROR(SUMIFS(Hesaplama!O:O,Hesaplama!A:A,A10),0) -> 94500 | D10: =IFERROR(B10-C10,0) -> -94500 | E10: =IFERROR(D10*Parametreler!B10/100,0) -> -47250 | F10: =IFERROR(D10*Parametreler!B11/100,0) -> -47250 | G10: =IFERROR(G9+D10,0) -> -646235
A11: 2026-08 | B11: =IFERROR(SUMIFS(Hesaplama!D:D,Hesaplama!A:A,A11),0) -> 0 | C11: =IFERROR(SUMIFS(Hesaplama!O:O,Hesaplama!A:A,A11),0) -> 94500 | D11: =IFERROR(B11-C11,0) -> -94500 | E11: =IFERROR(D11*Parametreler!B10/100,0) -> -47250 | F11: =IFERROR(D11*Parametreler!B11/100,0) -> -47250 | G11: =IFERROR(G10+D11,0) -> -740735
A12: 2026-09 | B12: =IFERROR(SUMIFS(Hesaplama!D:D,Hesaplama!A:A,A12),0) -> 0 | C12: =IFERROR(SUMIFS(Hesaplama!O:O,Hesaplama!A:A,A12),0) -> 94500 | D12: =IFERROR(B12-C12,0) -> -94500 | E12: =IFERROR(D12*Parametreler!B10/100,0) -> -47250 | F12: =IFERROR(D12*Parametreler!B11/100,0) -> -47250 | G12: =IFERROR(G11+D12,0) -> -835235
A13: 2026-10 | B13: =IFERROR(SUMIFS(Hesaplama!D:D,Hesaplama!A:A,A13),0) -> 0 | C13: =IFERROR(SUMIFS(Hesaplama!O:O,Hesaplama!A:A,A13),0) -> 94500 | D13: =IFERROR(B13-C13,0) -> -94500 | E13: =IFERROR(D13*Parametreler!B10/100,0) -> -47250 | F13: =IFERROR(D13*Parametreler!B11/100,0) -> -47250 | G13: =IFERROR(G12+D13,0) -> -929735
A14: 2026-11 | B14: =IFERROR(SUMIFS(Hesaplama!D:D,Hesaplama!A:A,A14),0) -> 0 | C14: =IFERROR(SUMIFS(Hesaplama!O:O,Hesaplama!A:A,A14),0) -> 94500 | D14: =IFERROR(B14-C14,0) -> -94500 | E14: =IFERROR(D14*Parametreler!B10/100,0) -> -47250 | F14: =IFERROR(D14*Parametreler!B11/100,0) -> -47250 | G14: =IFERROR(G13+D14,0) -> -1024235
A15: 2026-12 | B15: =IFERROR(SUMIFS(Hesaplama!D:D,Hesaplama!A:A,A15),0) -> 0 | C15: =IFERROR(SUMIFS(Hesaplama!O:O,Hesaplama!A:A,A15),0) -> 94500 | D15: =IFERROR(B15-C15,0) -> -94500 | E15: =IFERROR(D15*Parametreler!B10/100,0) -> -47250 | F15: =IFERROR(D15*Parametreler!B11/100,0) -> -47250 | G15: =IFERROR(G14+D15,0) -> -1118735
A16: TOPLAM | B16: =SUM(B4:B15) -> 29700 | C16: =SUM(C4:C15) -> 1148435 | D16: =SUM(D4:D15) -> -1118735 | E16: =SUM(E4:E15) -> -559367.5 | F16: =SUM(F4:F15) -> -559367.5 | G16: =G15 -> -1118735

Sheet Kar_Analizi
A1: NextGenBox · Kar Analizi & Vergi
A4: YATIRIM ÖZETİ
B5: KDV Hariç | C5: KDV Tutarı | D5: KDV Dahil
A6: Toplam Yatırım | B6: =IFERROR(Yatirim!E16,0) -> 796750 | C6: =IFERROR(Yatirim!G16,0) -> 43750 | D6: =IFERROR(Yatirim!H16,0) -> 840500
A7: Toplam Komisyon (iyzico+nayax) | B7: =IFERROR(SUM(Hesaplama!Q5:Q28),0) -> 1188
A8: AVM BAZLI YILLIK
A9: AVM | B9: Brüt Gelir | C9: Tahsil KDV | D9: Net Gelir | E9: Toplam Gider | F9: Brüt Kar
A10: Bursa Zafer Plaza | B10: =IFERROR(SUMIFS(Hesaplama!D:D,Hesaplama!B:B,A10),0) -> 15000 | C10: =IFERROR(SUMIFS(Hesaplama!E:E,Hesaplama!B:B,A10),0) -> 2500 | D10: =IFERROR(SUMIFS(Hesaplama!F:F,Hesaplama!B:B,A10),0) -> 12500 | E10: =IFERROR(SUMIFS(Hesaplama!O:O,Hesaplama!B:B,A10),0) -> 685217.5 | F10: =IFERROR(D10-E10,0) -> -672717.5
A11: Mavibahçe | B11: =IFERROR(SUMIFS(Hesaplama!D:D,Hesaplama!B:B,A11),0) -> 14700 | C11: =IFERROR(SUMIFS(Hesaplama!E:E,Hesaplama!B:B,A11),0) -> 2450 | D11: =IFERROR(SUMIFS(Hesaplama!F:F,Hesaplama!B:B,A11),0) -> 12250 | E11: =IFERROR(SUMIFS(Hesaplama!O:O,Hesaplama!B:B,A11),0) -> 463217.5 | F11: =IFERROR(D11-E11,0) -> -450967.5
A12: TOPLAM | B12: =SUM(B10:B11) -> 29700 | C12: =SUM(C10:C11) -> 4950 | D12: =SUM(D10:D11) -> 24750 | E12: =SUM(E10:E11) -> 1148435 | F12: =SUM(F10:F11) -> -1123685
A14: KDV HESABI (Aylık Bazda × 12 Ay)
A16: Tahsil Edilen KDV (müşteriden) | B16: =C12 -> 4950
A17: İndirilecek KDV (resmi giderlerden) | B17: =IFERROR(Giderler!C29*12+Giderler!B40*12,0) -> 40800
A18: İndirilecek KDV (yatırım faturaları) | B18: =C6 -> 43750
A19: Devlete Ödenecek Net KDV | B19: =IFERROR(B16-B17-B18,0) -> -79600
A21: KURUMLAR VERGİSİ (%22 Sabit)
A23: Kurumlar Vergisi Oranı | B23: 22
A24: Yıllık Resmi Giderler (matrahtan düşülen) | B24: =IFERROR(Giderler!B29*12+SUM(Hesaplama!M5:M28)+Giderler!B38*12,0) -> 1314000
A25: Gelir Vergisi Matrahı | B25: =IFERROR(IF(B23-B24>0,B23-B24,0),0) -> 0
A26: Kurumlar Vergisi Tutarı | B26: =IFERROR(IF(B25>0,B25*Parametreler!B8/100,0),0) -> 0
A28: NET KÂR & ORTAKLIK BÖLÜŞÜMÜ
A30: Yıllık Brüt Kâr (vergi öncesi) | B30: =F12 -> -1123685
A31: (-) Devlete Ödenecek KDV | B31: =IFERROR(IF(B19>0,B19,0),0) -> 0
A32: (-) Gelir Vergisi | B32: =B26 -> 0
A33: NET KÂR (Tüm Vergiler Sonrası) | B33: =IFERROR(B30-B31-B32,0) -> -1123685
A35: Alp Net Kâr Payı (%50) | B35: =IFERROR(B33*Parametreler!B10/100,0) -> -561842.5
A36: NextGenBox Net Kâr Payı (%50) | B36: =IFERROR(B33*Parametreler!B11/100,0) -> -561842.5

Sheet Senaryo
A1: NextGenBox · Senaryo Analizi
A3: Aylık oturum sayısına göre: gelir, gider, KDV, gelir vergisi ve net kâr. Tüm vergiler dahil.
A5: AYLIK & YILLIK SENARYO (2 AVM — Vergiler Dahil)
A6: Aylık Oturum | B6: AVM Başına | C6: Aylık Net Gelir | D6: Aylık Sabit Gider | E6: Aylık Kâr/Zarar | F6: Yıllık Kâr/Zarar | G6: Yıllık Gelir Vergisi | H6: Yıllık Net Kâr (Vergi Sonrası) | I6: Alp Payı (yıllık) | J6: NextGenBox Payı (yıllık) | K6: Aylık Kâr/Kişi
A7: 200 | B7: =ROUNDUP(A7/2,0) -> 100 | C7: =IFERROR(A7*Parametreler!B4*(1-Parametreler!B16/100)/(1+Parametreler!B5/100),0) -> 48000 | D7: =IFERROR(AVM_Detay!G9,0) -> 92500 | E7: =IFERROR(C7-D7,0) -> -44500 | F7: =IFERROR(E7*12,0) -> -534000 | G7: =IFERROR(IF(F7>0,F7*Parametreler!B8/100,0),0) -> 0 | H7: =IFERROR(F7-G7,0) -> -534000 | I7: =IFERROR(H7*Parametreler!B10/100,0) -> -267000 | J7: =IFERROR(H7*Parametreler!B11/100,0) -> -267000 | K7: =IFERROR(H7/12/2,0) -> -22250
A8: 300 | B8: =ROUNDUP(A8/2,0) -> 150 | C8: =IFERROR(A8*Parametreler!B4*(1-Parametreler!B16/100)/(1+Parametreler!B5/100),0) -> 72000 | D8: =IFERROR(AVM_Detay!G9,0) -> 92500 | E8: =IFERROR(C8-D8,0) -> -20500 | F8: =IFERROR(E8*12,0) -> -246000 | G8: =IFERROR(IF(F8>0,F8*Parametreler!B8/100,0),0) -> 0 | H8: =IFERROR(F8-G8,0) -> -246000 | I8: =IFERROR(H8*Parametreler!B10/100,0) -> -123000 | J8: =IFERROR(H8*Parametreler!B11/100,0) -> -123000 | K8: =IFERROR(H8/12/2,0) -> -10250
A9: 370 | B9: =ROUNDUP(A9/2,0) -> 185 | C9: =IFERROR(A9*Parametreler!B4*(1-Parametreler!B16/100)/(1+Parametreler!B5/100),0) -> 88800 | D9: =IFERROR(AVM_Detay!G9,0) -> 92500 | E9: =IFERROR(C9-D9,0) -> -3700 | F9: =IFERROR(E9*12,0) -> -44400 | G9: =IFERROR(IF(F9>0,F9*Parametreler!B8/100,0),0) -> 0 | H9: =IFERROR(F9-G9,0) -> -44400 | I9: =IFERROR(H9*Parametreler!B10/100,0) -> -22200 | J9: =IFERROR(H9*Parametreler!B11/100,0) -> -22200 | K9: =IFERROR(H9/12/2,0) -> -1850
A10: 400 | B10: =ROUNDUP(A10/2,0) -> 200 | C10: =IFERROR(A10*Parametreler!B4*(1-Parametreler!B16/100)/(1+Parametreler!B5/100),0) -> 96000 | D10: =IFERROR(AVM_Detay!G9,0) -> 92500 | E10: =IFERROR(C10-D10,0) -> 3500 | F10: =IFERROR(E10*12,0) -> 42000 | G10: =IFERROR(IF(F10>0,F10*Parametreler!B8/100,0),0) -> 9240 | H10: =IFERROR(F10-G10,0) -> 32760 | I10: =IFERROR(H10*Parametreler!B10/100,0) -> 16380 | J10: =IFERROR(H10*Parametreler!B11/100,0) -> 16380 | K10: =IFERROR(H10/12/2,0) -> 1365
A11: 500 | B11: =ROUNDUP(A11/2,0) -> 250 | C11: =IFERROR(A11*Parametreler!B4*(1-Parametreler!B16/100)/(1+Parametreler!B5/100),0) -> 120000 | D11: =IFERROR(AVM_Detay!G9,0) -> 92500 | E11: =IFERROR(C11-D11,0) -> 27500 | F11: =IFERROR(E11*12,0) -> 330000 | G11: =IFERROR(IF(F11>0,F11*Parametreler!B8/100,0),0) -> 72600 | H11: =IFERROR(F11-G11,0) -> 257400 | I11: =IFERROR(H11*Parametreler!B10/100,0) -> 128700 | J11: =IFERROR(H11*Parametreler!B11/100,0) -> 128700 | K11: =IFERROR(H11/12/2,0) -> 10725
A12: 600 | B12: =ROUNDUP(A12/2,0) -> 300 | C12: =IFERROR(A12*Parametreler!B4*(1-Parametreler!B16/100)/(1+Parametreler!B5/100),0) -> 144000 | D12: =IFERROR(AVM_Detay!G9,0) -> 92500 | E12: =IFERROR(C12-D12,0) -> 51500 | F12: =IFERROR(E12*12,0) -> 618000 | G12: =IFERROR(IF(F12>0,F12*Parametreler!B8/100,0),0) -> 135960 | H12: =IFERROR(F12-G12,0) -> 482040 | I12: =IFERROR(H12*Parametreler!B10/100,0) -> 241020 | J12: =IFERROR(H12*Parametreler!B11/100,0) -> 241020 | K12: =IFERROR(H12/12/2,0) -> 20085
A13: 700 | B13: =ROUNDUP(A13/2,0) -> 350 | C13: =IFERROR(A13*Parametreler!B4*(1-Parametreler!B16/100)/(1+Parametreler!B5/100),0) -> 168000 | D13: =IFERROR(AVM_Detay!G9,0) -> 92500 | E13: =IFERROR(C13-D13,0) -> 75500 | F13: =IFERROR(E13*12,0) -> 906000 | G13: =IFERROR(IF(F13>0,F13*Parametreler!B8/100,0),0) -> 199320 | H13: =IFERROR(F13-G13,0) -> 706680 | I13: =IFERROR(H13*Parametreler!B10/100,0) -> 353340 | J13: =IFERROR(H13*Parametreler!B11/100,0) -> 353340 | K13: =IFERROR(H13/12/2,0) -> 29445
A14: 800 | B14: =ROUNDUP(A14/2,0) -> 400 | C14: =IFERROR(A14*Parametreler!B4*(1-Parametreler!B16/100)/(1+Parametreler!B5/100),0) -> 192000 | D14: =IFERROR(AVM_Detay!G9,0) -> 92500 | E14: =IFERROR(C14-D14,0) -> 99500 | F14: =IFERROR(E14*12,0) -> 1194000 | G14: =IFERROR(IF(F14>0,F14*Parametreler!B8/100,0),0) -> 262680 | H14: =IFERROR(F14-G14,0) -> 931320 | I14: =IFERROR(H14*Parametreler!B10/100,0) -> 465660 | J14: =IFERROR(H14*Parametreler!B11/100,0) -> 465660 | K14: =IFERROR(H14/12/2,0) -> 38805
A15: 1000 | B15: =ROUNDUP(A15/2,0) -> 500 | C15: =IFERROR(A15*Parametreler!B4*(1-Parametreler!B16/100)/(1+Parametreler!B5/100),0) -> 240000 | D15: =IFERROR(AVM_Detay!G9,0) -> 92500 | E15: =IFERROR(C15-D15,0) -> 147500 | F15: =IFERROR(E15*12,0) -> 1770000 | G15: =IFERROR(IF(F15>0,F15*Parametreler!B8/100,0),0) -> 389400 | H15: =IFERROR(F15-G15,0) -> 1380600 | I15: =IFERROR(H15*Parametreler!B10/100,0) -> 690300 | J15: =IFERROR(H15*Parametreler!B11/100,0) -> 690300 | K15: =IFERROR(H15/12/2,0) -> 57525
A16: 1500 | B16: =ROUNDUP(A16/2,0) -> 750 | C16: =IFERROR(A16*Parametreler!B4*(1-Parametreler!B16/100)/(1+Parametreler!B5/100),0) -> 360000 | D16: =IFERROR(AVM_Detay!G9,0) -> 92500 | E16: =IFERROR(C16-D16,0) -> 267500 | F16: =IFERROR(E16*12,0) -> 3210000 | G16: =IFERROR(IF(F16>0,F16*Parametreler!B8/100,0),0) -> 706200 | H16: =IFERROR(F16-G16,0) -> 2503800 | I16: =IFERROR(H16*Parametreler!B10/100,0) -> 1251900 | J16: =IFERROR(H16*Parametreler!B11/100,0) -> 1251900 | K16: =IFERROR(H16/12/2,0) -> 104325
A18: MİNİMUM HEDEFLER
A20: Başabaş (masraf = gelir) | B20: =Basabas!B13 -> 386 | C20: oturum/ay
A21: AVM başına | B21: =Basabas!B14 -> 193 | C21: oturum/ay
A22: Günlük minimum (AVM başına) | B22: =IFERROR(ROUNDUP(Basabas!B14/30,0),"-") -> 7 | C22: oturum/gün

Sheet Basabas
A1: NextGenBox · Gelir/Gider Analizi
A4: AYLIK SABİT (2 AVM)
A6: Kira + Aidat + Kira KDV (2 AVM toplam) | B6: =IFERROR(AVM_Detay!G9,0) -> 92500
A8: TOPLAM AYLIK SABİT | B8: =IFERROR(B6,0) -> 92500
A10: BAŞABAŞ
A12: Net Gelir/Oturum (Komisyon+KDV düşük) | B12: =IFERROR(Parametreler!B4*(1-Parametreler!B16/100)/(1+Parametreler!B5/100),0) -> 240
A13: Toplam Başabaş Oturum/Ay | B13: =IFERROR(ROUNDUP(B8/B12,0),"-") -> 386
A14: AVM Başına Başabaş | B14: =IFERROR(ROUNDUP(B13/2,0),"-") -> 193
A16: Toplam Yatırım | B16: =IFERROR(Yatirim!H16,0) -> 840500
A17: Geri Dönüş (ay) | B17: =IFERROR(IF(Kar_Analizi!F12>0,ROUNDUP(B16/(Kar_Analizi!F12/Parametreler!B12),0),"-"),"-") -> -
A19: SENARYO
A20: Toplam Oturum (aylık) | B20: Net Gelir | C20: Sabit Maliyet | D20: Kar/Zarar
A21: 100 | B21: =IFERROR(A21*B12,0) -> 24000 | C21: =B8 -> 92500 | D21: =IFERROR(B21-C21,0) -> -68500
A22: 150 | B22: =IFERROR(A22*B12,0) -> 36000 | C22: =B8 -> 92500 | D22: =IFERROR(B22-C22,0) -> -56500
A23: 200 | B23: =IFERROR(A23*B12,0) -> 48000 | C23: =B8 -> 92500 | D23: =IFERROR(B23-C23,0) -> -44500
A24: 250 | B24: =IFERROR(A24*B12,0) -> 60000 | C24: =B8 -> 92500 | D24: =IFERROR(B24-C24,0) -> -32500
A25: 300 | B25: =IFERROR(A25*B12,0) -> 72000 | C25: =B8 -> 92500 | D25: =IFERROR(B25-C25,0) -> -20500
A26: 400 | B26: =IFERROR(A26*B12,0) -> 96000 | C26: =B8 -> 92500 | D26: =IFERROR(B26-C26,0) -> 3500
A27: 500 | B27: =IFERROR(A27*B12,0) -> 120000 | C27: =B8 -> 92500 | D27: =IFERROR(B27-C27,0) -> 27500
A28: BAŞABAŞ NEDİR?
A30: Başabaş (Break-Even) = gelirin gidere eşit olduğu nokta.
A31: Bu noktanın altında zarar, üstünde kâr edersiniz.
A32: Hesaplama: Aylık Sabit Gider ÷ Oturum Başına Net Gelir
A33: Örnek: 92.500 ÷ 240 = 386 oturum/ay (komisyon dahil)
A34: 370 oturum = 2 AVM toplam. AVM başına 185, günlük ~6.

Sheet Rehber
A1: NextGenBox · Kullanım Rehberi
B4: VERİ GİRİŞİ (tek yapmanız gereken)
A5: 1 | B5: Veri_Girisi sayfasını açın
A6: 2 | B6: C sütunu (sarı) → oturum sayısı (kabinrapor.com'dan)
A7: 3 | B7: E sütunu (sarı) → varsa ek masraf (yoksa boş bırakın)
A8: 4 | B8: F sütunu → ek masraf açıklaması
B10: OTOMATİK HESAPLANAN
B11: Hesaplama → kira, aidat, KDV, ciro payı otomatik AVM_Detay'dan çekilir
B12: Kar_Analizi → KDV hesabı, gelir vergisi, net kar
B13: Nakit_Akis → aylık nakit akış ve kümülatif
B14: Ozet → tüm KPI'lar tek bakışta
B16: RENK KODLARI
B17: 🟡 Sarı + 🔵 Mavi = Düzenleyebilirsiniz
B18: 🟢 Yeşil yazı = Başka sayfadan formül
B19: ⬛ Siyah = Hesaplama formülü
B22: HIZLA KİRALA FATURA
B23: Giderler sayfasının alt kısmında "Hızla Kirala" bölümü var.
B24: Fatura tutarını (15K) ve KDV oranını (%20) orada değiştirebilirsiniz.
... B26: Para ortaklara döndüğü için gidere dahil DEĞİLDİR.
